closeAuction,2021-31-27 07:31:23
addUser,2021-35-27 07:35:33
addUser,2021-35-27 07:35:33
addUser,2021-35-27 07:35:33
addUser,2021-35-27 07:35:33
addUser,2021-35-27 07:35:33
addUser,2021-35-27 07:35:33
addUser,2021-35-27 07:35:33
addUser,2021-35-27 07:35:33
addUser,2021-35-27 07:35:33
getUsers,2021-35-27 07:35:33
getUsers,2021-35-27 07:35:33
getUsers,2021-35-27 07:35:33
getUsers,2021-35-27 07:35:33
getUsers,2021-35-27 07:35:33
getUsers,2021-35-27 07:35:33
getUsers,2021-35-27 07:35:33
getUsers,2021-35-27 07:35:33
getUsers,2021-35-27 07:35:33
getUsers,2021-35-27 07:35:33
getUsers,2021-35-27 07:35:33
getUsers,2021-35-27 07:35:33
getUsers,2021-35-27 07:35:33
getUsers,2021-35-27 07:35:33
getUsers,2021-35-27 07:35:33
getUsers,2021-35-27 07:35:33
startAuction,2021-35-27 07:35:33
placeBid,2021-35-27 07:35:33
closeAuction,2021-35-27 07:35:33
getUsers,2021-35-27 07:35:33
startAuction,2021-35-27 07:35:33
placeBid,2021-35-27 07:35:33
closeAuction,2021-35-27 07:35:33
getUsers,2021-35-27 07:35:33
startAuction,2021-35-27 07:35:33
placeBid,2021-35-27 07:35:33
closeAuction,2021-35-27 07:35:33
getUsers,2021-35-27 07:35:33
startAuction,2021-35-27 07:35:33
placeBid,2021-35-27 07:35:33
closeAuction,2021-35-27 07:35:33
logInUser,2021-35-27 07:35:50
getAuctionWinners,2021-35-27 07:35:54
getMostExpensiveProductsSold,2021-35-27 07:35:56
addUser,2021-02-23 08:02:02
addUser,2021-02-23 08:02:02
addUser,2021-02-23 08:02:02
addUser,2021-02-23 08:02:02
addUser,2021-02-23 08:02:02
addUser,2021-02-23 08:02:02
addUser,2021-02-23 08:02:02
addUser,2021-02-23 08:02:02
addUser,2021-02-23 08:02:02
getUsers,2021-02-23 08:02:02
getUsers,2021-02-23 08:02:02
getUsers,2021-02-23 08:02:02
getUsers,2021-02-23 08:02:02
getUsers,2021-02-23 08:02:02
getUsers,2021-02-23 08:02:02
getUsers,2021-02-23 08:02:02
getUsers,2021-02-23 08:02:02
getUsers,2021-02-23 08:02:02
getUsers,2021-02-23 08:02:02
getUsers,2021-02-23 08:02:02
getUsers,2021-02-23 08:02:02
getUsers,2021-02-23 08:02:02
getUsers,2021-02-23 08:02:02
getUsers,2021-02-23 08:02:02
getUsers,2021-02-23 08:02:02
startAuction,2021-02-23 08:02:02
placeBid,2021-02-23 08:02:02
closeAuction,2021-02-23 08:02:02
getUsers,2021-02-23 08:02:02
startAuction,2021-02-23 08:02:02
placeBid,2021-02-23 08:02:02
closeAuction,2021-02-23 08:02:02
getUsers,2021-02-23 08:02:02
startAuction,2021-02-23 08:02:02
placeBid,2021-02-23 08:02:02
closeAuction,2021-02-23 08:02:02
getUsers,2021-02-23 08:02:02
startAuction,2021-02-23 08:02:02
placeBid,2021-02-23 08:02:02
closeAuction,2021-02-23 08:02:02
addUser,2021-14-23 08:14:16
addUser,2021-14-23 08:14:16
addUser,2021-14-23 08:14:16
addUser,2021-14-23 08:14:16
addUser,2021-14-23 08:14:16
addUser,2021-14-23 08:14:16
addUser,2021-14-23 08:14:16
addUser,2021-14-23 08:14:16
addUser,2021-14-23 08:14:16
getUsers,2021-14-23 08:14:16
getUsers,2021-14-23 08:14:16
getUsers,2021-14-23 08:14:16
getUsers,2021-14-23 08:14:16
getUsers,2021-14-23 08:14:16
getUsers,2021-14-23 08:14:16
getUsers,2021-14-23 08:14:16
getUsers,2021-14-23 08:14:16
getUsers,2021-14-23 08:14:16
getUsers,2021-14-23 08:14:16
getUsers,2021-14-23 08:14:16
getUsers,2021-14-23 08:14:16
getUsers,2021-14-23 08:14:16
getUsers,2021-14-23 08:14:16
getUsers,2021-14-23 08:14:16
getUsers,2021-14-23 08:14:16
startAuction,2021-14-23 08:14:16
placeBid,2021-14-23 08:14:16
closeAuction,2021-14-23 08:14:16
getUsers,2021-14-23 08:14:16
startAuction,2021-14-23 08:14:16
placeBid,2021-14-23 08:14:16
closeAuction,2021-14-23 08:14:16
getUsers,2021-14-23 08:14:16
startAuction,2021-14-23 08:14:16
placeBid,2021-14-23 08:14:16
closeAuction,2021-14-23 08:14:16
getUsers,2021-14-23 08:14:16
startAuction,2021-14-23 08:14:16
placeBid,2021-14-23 08:14:16
closeAuction,2021-14-23 08:14:16
addUser,2021-27-23 08:27:50
addUser,2021-27-23 08:27:50
addUser,2021-27-23 08:27:50
addUser,2021-27-23 08:27:50
addUser,2021-27-23 08:27:50
addUser,2021-27-23 08:27:50
addUser,2021-27-23 08:27:50
addUser,2021-27-23 08:27:50
addUser,2021-27-23 08:27:50
getUsers,2021-27-23 08:27:50
getUsers,2021-27-23 08:27:50
getUsers,2021-27-23 08:27:50
getUsers,2021-27-23 08:27:50
getUsers,2021-27-23 08:27:50
getUsers,2021-27-23 08:27:50
getUsers,2021-27-23 08:27:50
getUsers,2021-27-23 08:27:50
getUsers,2021-27-23 08:27:50
getUsers,2021-27-23 08:27:50
getUsers,2021-27-23 08:27:50
getUsers,2021-27-23 08:27:50
getUsers,2021-27-23 08:27:50
getUsers,2021-27-23 08:27:50
getUsers,2021-27-23 08:27:50
getUsers,2021-27-23 08:27:50
startAuction,2021-27-23 08:27:50
placeBid,2021-27-23 08:27:50
closeAuction,2021-27-23 08:27:50
getUsers,2021-27-23 08:27:50
startAuction,2021-27-23 08:27:50
placeBid,2021-27-23 08:27:50
closeAuction,2021-27-23 08:27:50
getUsers,2021-27-23 08:27:50
startAuction,2021-27-23 08:27:50
placeBid,2021-27-23 08:27:50
closeAuction,2021-27-23 08:27:50
getUsers,2021-27-23 08:27:50
startAuction,2021-27-23 08:27:50
placeBid,2021-27-23 08:27:50
closeAuction,2021-27-23 08:27:50
addUser,2021-33-23 08:33:57
addUser,2021-33-23 08:33:58
addUser,2021-33-23 08:33:58
addUser,2021-33-23 08:33:58
addUser,2021-33-23 08:33:58
addUser,2021-33-23 08:33:58
addUser,2021-33-23 08:33:58
addUser,2021-33-23 08:33:58
addUser,2021-33-23 08:33:58
getUsers,2021-33-23 08:33:58
getUsers,2021-33-23 08:33:58
getUsers,2021-33-23 08:33:58
getUsers,2021-33-23 08:33:58
getUsers,2021-33-23 08:33:58
getUsers,2021-33-23 08:33:58
getUsers,2021-33-23 08:33:58
getUsers,2021-33-23 08:33:58
getUsers,2021-33-23 08:33:58
getUsers,2021-33-23 08:33:58
getUsers,2021-33-23 08:33:58
getUsers,2021-33-23 08:33:58
getUsers,2021-33-23 08:33:58
getUsers,2021-33-23 08:33:58
getUsers,2021-33-23 08:33:58
getUsers,2021-33-23 08:33:58
startAuction,2021-33-23 08:33:58
placeBid,2021-33-23 08:33:58
closeAuction,2021-33-23 08:33:58
getUsers,2021-33-23 08:33:58
startAuction,2021-33-23 08:33:58
placeBid,2021-33-23 08:33:58
closeAuction,2021-33-23 08:33:58
getUsers,2021-33-23 08:33:58
startAuction,2021-33-23 08:33:58
placeBid,2021-33-23 08:33:58
closeAuction,2021-33-23 08:33:58
getUsers,2021-33-23 08:33:58
startAuction,2021-33-23 08:33:58
placeBid,2021-33-23 08:33:58
closeAuction,2021-33-23 08:33:58
addUser,2021-27-23 09:27:22
addUser,2021-27-23 09:27:22
addUser,2021-27-23 09:27:22
addUser,2021-27-23 09:27:22
addUser,2021-27-23 09:27:22
addUser,2021-27-23 09:27:22
addUser,2021-27-23 09:27:22
addUser,2021-27-23 09:27:22
addUser,2021-27-23 09:27:22
getUsers,2021-27-23 09:27:22
getUsers,2021-27-23 09:27:22
getUsers,2021-27-23 09:27:22
getUsers,2021-27-23 09:27:22
getUsers,2021-27-23 09:27:22
getUsers,2021-27-23 09:27:22
getUsers,2021-27-23 09:27:22
getUsers,2021-27-23 09:27:22
getUsers,2021-27-23 09:27:22
getUsers,2021-27-23 09:27:22
getUsers,2021-27-23 09:27:22
getUsers,2021-27-23 09:27:22
getUsers,2021-27-23 09:27:22
getUsers,2021-27-23 09:27:22
getUsers,2021-27-23 09:27:22
getUsers,2021-27-23 09:27:22
startAuction,2021-27-23 09:27:22
placeBid,2021-27-23 09:27:22
closeAuction,2021-27-23 09:27:22
getUsers,2021-27-23 09:27:22
startAuction,2021-27-23 09:27:22
placeBid,2021-27-23 09:27:22
closeAuction,2021-27-23 09:27:22
getUsers,2021-27-23 09:27:22
startAuction,2021-27-23 09:27:22
placeBid,2021-27-23 09:27:22
closeAuction,2021-27-23 09:27:22
getUsers,2021-27-23 09:27:22
startAuction,2021-27-23 09:27:22
placeBid,2021-27-23 09:27:22
closeAuction,2021-27-23 09:27:22
addUser,2021-27-23 09:27:58
addUser,2021-27-23 09:27:58
addUser,2021-27-23 09:27:58
addUser,2021-27-23 09:27:58
addUser,2021-27-23 09:27:58
addUser,2021-27-23 09:27:58
addUser,2021-27-23 09:27:58
addUser,2021-27-23 09:27:58
addUser,2021-27-23 09:27:58
getUsers,2021-27-23 09:27:58
getUsers,2021-27-23 09:27:58
getUsers,2021-27-23 09:27:58
getUsers,2021-27-23 09:27:58
getUsers,2021-27-23 09:27:58
getUsers,2021-27-23 09:27:58
getUsers,2021-27-23 09:27:58
getUsers,2021-27-23 09:27:58
getUsers,2021-27-23 09:27:58
getUsers,2021-27-23 09:27:58
getUsers,2021-27-23 09:27:58
getUsers,2021-27-23 09:27:58
getUsers,2021-27-23 09:27:58
getUsers,2021-27-23 09:27:58
getUsers,2021-27-23 09:27:58
getUsers,2021-27-23 09:27:58
startAuction,2021-27-23 09:27:58
placeBid,2021-27-23 09:27:58
closeAuction,2021-27-23 09:27:58
getUsers,2021-27-23 09:27:58
startAuction,2021-27-23 09:27:58
placeBid,2021-27-23 09:27:58
closeAuction,2021-27-23 09:27:58
getUsers,2021-27-23 09:27:58
startAuction,2021-27-23 09:27:58
placeBid,2021-27-23 09:27:58
closeAuction,2021-27-23 09:27:58
getUsers,2021-27-23 09:27:58
startAuction,2021-27-23 09:27:58
placeBid,2021-27-23 09:27:58
closeAuction,2021-27-23 09:27:58
addUser,2021-32-23 10:32:45
addUser,2021-32-23 10:32:45
addUser,2021-32-23 10:32:45
addUser,2021-32-23 10:32:45
addUser,2021-32-23 10:32:45
addUser,2021-32-23 10:32:45
addUser,2021-32-23 10:32:45
addUser,2021-32-23 10:32:45
addUser,2021-32-23 10:32:45
getUsers,2021-32-23 10:32:45
getUsers,2021-32-23 10:32:45
getUsers,2021-32-23 10:32:45
getUsers,2021-32-23 10:32:45
getUsers,2021-32-23 10:32:45
getUsers,2021-32-23 10:32:45
getUsers,2021-32-23 10:32:45
getUsers,2021-32-23 10:32:45
getUsers,2021-32-23 10:32:45
getUsers,2021-32-23 10:32:45
getUsers,2021-32-23 10:32:45
getUsers,2021-32-23 10:32:45
getUsers,2021-32-23 10:32:45
getUsers,2021-32-23 10:32:45
getUsers,2021-32-23 10:32:45
getUsers,2021-32-23 10:32:45
startAuction,2021-32-23 10:32:45
placeBid,2021-32-23 10:32:45
closeAuction,2021-32-23 10:32:45
getUsers,2021-32-23 10:32:45
startAuction,2021-32-23 10:32:45
placeBid,2021-32-23 10:32:45
closeAuction,2021-32-23 10:32:45
getUsers,2021-32-23 10:32:45
startAuction,2021-32-23 10:32:45
placeBid,2021-32-23 10:32:45
closeAuction,2021-32-23 10:32:45
getUsers,2021-32-23 10:32:45
startAuction,2021-32-23 10:32:45
placeBid,2021-32-23 10:32:45
closeAuction,2021-32-23 10:32:45
addUser,2021-33-23 10:33:10
addUser,2021-33-23 10:33:11
addUser,2021-33-23 10:33:11
addUser,2021-33-23 10:33:11
addUser,2021-33-23 10:33:11
addUser,2021-33-23 10:33:11
addUser,2021-33-23 10:33:11
addUser,2021-33-23 10:33:11
addUser,2021-33-23 10:33:11
getUsers,2021-33-23 10:33:11
getUsers,2021-33-23 10:33:11
getUsers,2021-33-23 10:33:11
getUsers,2021-33-23 10:33:11
getUsers,2021-33-23 10:33:11
getUsers,2021-33-23 10:33:11
getUsers,2021-33-23 10:33:11
getUsers,2021-33-23 10:33:11
getUsers,2021-33-23 10:33:11
getUsers,2021-33-23 10:33:11
getUsers,2021-33-23 10:33:11
getUsers,2021-33-23 10:33:11
getUsers,2021-33-23 10:33:11
getUsers,2021-33-23 10:33:11
getUsers,2021-33-23 10:33:11
getUsers,2021-33-23 10:33:11
startAuction,2021-33-23 10:33:11
placeBid,2021-33-23 10:33:11
closeAuction,2021-33-23 10:33:11
getUsers,2021-33-23 10:33:11
startAuction,2021-33-23 10:33:11
placeBid,2021-33-23 10:33:11
closeAuction,2021-33-23 10:33:11
getUsers,2021-33-23 10:33:11
startAuction,2021-33-23 10:33:11
placeBid,2021-33-23 10:33:11
closeAuction,2021-33-23 10:33:11
getUsers,2021-33-23 10:33:11
startAuction,2021-33-23 10:33:11
placeBid,2021-33-23 10:33:11
closeAuction,2021-33-23 10:33:11
addUser,2021-36-23 10:36:39
addUser,2021-36-23 10:36:39
addUser,2021-36-23 10:36:39
addUser,2021-36-23 10:36:39
addUser,2021-36-23 10:36:39
addUser,2021-36-23 10:36:39
addUser,2021-36-23 10:36:39
addUser,2021-36-23 10:36:39
addUser,2021-36-23 10:36:39
getUsers,2021-36-23 10:36:39
getUsers,2021-36-23 10:36:39
getUsers,2021-36-23 10:36:39
getUsers,2021-36-23 10:36:39
getUsers,2021-36-23 10:36:39
getUsers,2021-36-23 10:36:39
getUsers,2021-36-23 10:36:39
getUsers,2021-36-23 10:36:39
getUsers,2021-36-23 10:36:39
getUsers,2021-36-23 10:36:39
getUsers,2021-36-23 10:36:39
getUsers,2021-36-23 10:36:39
getUsers,2021-36-23 10:36:39
getUsers,2021-36-23 10:36:39
getUsers,2021-36-23 10:36:39
getUsers,2021-36-23 10:36:39
startAuction,2021-36-23 10:36:39
placeBid,2021-36-23 10:36:39
closeAuction,2021-36-23 10:36:39
getUsers,2021-36-23 10:36:39
startAuction,2021-36-23 10:36:39
placeBid,2021-36-23 10:36:39
closeAuction,2021-36-23 10:36:39
getUsers,2021-36-23 10:36:39
startAuction,2021-36-23 10:36:39
placeBid,2021-36-23 10:36:39
closeAuction,2021-36-23 10:36:39
getUsers,2021-36-23 10:36:39
startAuction,2021-36-23 10:36:39
placeBid,2021-36-23 10:36:39
closeAuction,2021-36-23 10:36:39
addUser,2021-37-23 10:37:12
addUser,2021-37-23 10:37:12
addUser,2021-37-23 10:37:12
addUser,2021-37-23 10:37:12
addUser,2021-37-23 10:37:12
addUser,2021-37-23 10:37:12
addUser,2021-37-23 10:37:12
addUser,2021-37-23 10:37:12
addUser,2021-37-23 10:37:12
getUsers,2021-37-23 10:37:12
getUsers,2021-37-23 10:37:12
getUsers,2021-37-23 10:37:12
getUsers,2021-37-23 10:37:12
getUsers,2021-37-23 10:37:12
getUsers,2021-37-23 10:37:12
getUsers,2021-37-23 10:37:12
getUsers,2021-37-23 10:37:12
getUsers,2021-37-23 10:37:12
getUsers,2021-37-23 10:37:12
getUsers,2021-37-23 10:37:12
getUsers,2021-37-23 10:37:12
getUsers,2021-37-23 10:37:12
getUsers,2021-37-23 10:37:12
getUsers,2021-37-23 10:37:12
getUsers,2021-37-23 10:37:12
startAuction,2021-37-23 10:37:12
placeBid,2021-37-23 10:37:12
closeAuction,2021-37-23 10:37:12
getUsers,2021-37-23 10:37:12
startAuction,2021-37-23 10:37:12
placeBid,2021-37-23 10:37:12
closeAuction,2021-37-23 10:37:12
getUsers,2021-37-23 10:37:12
startAuction,2021-37-23 10:37:12
placeBid,2021-37-23 10:37:12
closeAuction,2021-37-23 10:37:12
getUsers,2021-37-23 10:37:12
startAuction,2021-37-23 10:37:12
placeBid,2021-37-23 10:37:12
closeAuction,2021-37-23 10:37:12
addUser,2021-38-23 10:38:38
addUser,2021-38-23 10:38:38
addUser,2021-38-23 10:38:38
addUser,2021-38-23 10:38:38
addUser,2021-38-23 10:38:38
addUser,2021-38-23 10:38:38
addUser,2021-38-23 10:38:38
addUser,2021-38-23 10:38:38
addUser,2021-38-23 10:38:38
getUsers,2021-38-23 10:38:38
getUsers,2021-38-23 10:38:38
getUsers,2021-38-23 10:38:38
getUsers,2021-38-23 10:38:38
getUsers,2021-38-23 10:38:38
getUsers,2021-38-23 10:38:38
getUsers,2021-38-23 10:38:38
getUsers,2021-38-23 10:38:38
getUsers,2021-38-23 10:38:38
getUsers,2021-38-23 10:38:38
getUsers,2021-38-23 10:38:38
getUsers,2021-38-23 10:38:38
getUsers,2021-38-23 10:38:38
getUsers,2021-38-23 10:38:38
getUsers,2021-38-23 10:38:38
getUsers,2021-38-23 10:38:38
startAuction,2021-38-23 10:38:38
placeBid,2021-38-23 10:38:38
closeAuction,2021-38-23 10:38:38
getUsers,2021-38-23 10:38:38
startAuction,2021-38-23 10:38:38
placeBid,2021-38-23 10:38:38
closeAuction,2021-38-23 10:38:38
getUsers,2021-38-23 10:38:38
startAuction,2021-38-23 10:38:38
placeBid,2021-38-23 10:38:38
closeAuction,2021-38-23 10:38:38
getUsers,2021-38-23 10:38:38
startAuction,2021-38-23 10:38:38
placeBid,2021-38-23 10:38:38
closeAuction,2021-38-23 10:38:38
addUser,2021-43-23 10:43:10
addUser,2021-43-23 10:43:10
addUser,2021-43-23 10:43:10
addUser,2021-43-23 10:43:10
addUser,2021-43-23 10:43:10
addUser,2021-43-23 10:43:10
addUser,2021-43-23 10:43:10
addUser,2021-43-23 10:43:10
addUser,2021-43-23 10:43:10
getUsers,2021-43-23 10:43:10
getUsers,2021-43-23 10:43:10
getUsers,2021-43-23 10:43:10
getUsers,2021-43-23 10:43:10
getUsers,2021-43-23 10:43:10
getUsers,2021-43-23 10:43:10
getUsers,2021-43-23 10:43:10
getUsers,2021-43-23 10:43:10
getUsers,2021-43-23 10:43:10
getUsers,2021-43-23 10:43:10
getUsers,2021-43-23 10:43:10
getUsers,2021-43-23 10:43:10
getUsers,2021-43-23 10:43:10
getUsers,2021-43-23 10:43:10
getUsers,2021-43-23 10:43:10
getUsers,2021-43-23 10:43:10
startAuction,2021-43-23 10:43:10
placeBid,2021-43-23 10:43:10
closeAuction,2021-43-23 10:43:10
getUsers,2021-43-23 10:43:10
startAuction,2021-43-23 10:43:10
placeBid,2021-43-23 10:43:10
closeAuction,2021-43-23 10:43:10
getUsers,2021-43-23 10:43:10
startAuction,2021-43-23 10:43:10
placeBid,2021-43-23 10:43:10
closeAuction,2021-43-23 10:43:10
getUsers,2021-43-23 10:43:10
startAuction,2021-43-23 10:43:10
placeBid,2021-43-23 10:43:10
closeAuction,2021-43-23 10:43:10
addUser,2021-45-23 10:45:26
addUser,2021-45-23 10:45:26
addUser,2021-45-23 10:45:26
addUser,2021-45-23 10:45:26
addUser,2021-45-23 10:45:26
addUser,2021-45-23 10:45:26
addUser,2021-45-23 10:45:26
addUser,2021-45-23 10:45:26
addUser,2021-45-23 10:45:26
getUsers,2021-45-23 10:45:26
getUsers,2021-45-23 10:45:26
getUsers,2021-45-23 10:45:26
getUsers,2021-45-23 10:45:26
getUsers,2021-45-23 10:45:26
getUsers,2021-45-23 10:45:26
getUsers,2021-45-23 10:45:26
getUsers,2021-45-23 10:45:26
getUsers,2021-45-23 10:45:26
getUsers,2021-45-23 10:45:26
getUsers,2021-45-23 10:45:26
getUsers,2021-45-23 10:45:26
getUsers,2021-45-23 10:45:26
getUsers,2021-45-23 10:45:26
getUsers,2021-45-23 10:45:26
getUsers,2021-45-23 10:45:26
startAuction,2021-45-23 10:45:26
placeBid,2021-45-23 10:45:26
closeAuction,2021-45-23 10:45:26
getUsers,2021-45-23 10:45:26
startAuction,2021-45-23 10:45:26
placeBid,2021-45-23 10:45:26
closeAuction,2021-45-23 10:45:26
getUsers,2021-45-23 10:45:26
startAuction,2021-45-23 10:45:26
placeBid,2021-45-23 10:45:26
closeAuction,2021-45-23 10:45:26
getUsers,2021-45-23 10:45:26
startAuction,2021-45-23 10:45:26
placeBid,2021-45-23 10:45:26
closeAuction,2021-45-23 10:45:26
addUser,2021-09-23 11:09:02
addUser,2021-09-23 11:09:02
addUser,2021-09-23 11:09:02
addUser,2021-09-23 11:09:02
addUser,2021-09-23 11:09:02
addUser,2021-09-23 11:09:02
addUser,2021-09-23 11:09:02
addUser,2021-09-23 11:09:02
addUser,2021-09-23 11:09:02
getUsers,2021-09-23 11:09:02
getUsers,2021-09-23 11:09:02
getUsers,2021-09-23 11:09:02
getUsers,2021-09-23 11:09:02
getUsers,2021-09-23 11:09:02
getUsers,2021-09-23 11:09:02
getUsers,2021-09-23 11:09:02
getUsers,2021-09-23 11:09:02
getUsers,2021-09-23 11:09:02
getUsers,2021-09-23 11:09:02
getUsers,2021-09-23 11:09:02
getUsers,2021-09-23 11:09:02
getUsers,2021-09-23 11:09:02
getUsers,2021-09-23 11:09:02
getUsers,2021-09-23 11:09:02
getUsers,2021-09-23 11:09:02
startAuction,2021-09-23 11:09:02
placeBid,2021-09-23 11:09:02
closeAuction,2021-09-23 11:09:02
getUsers,2021-09-23 11:09:02
startAuction,2021-09-23 11:09:02
placeBid,2021-09-23 11:09:02
closeAuction,2021-09-23 11:09:02
getUsers,2021-09-23 11:09:02
startAuction,2021-09-23 11:09:02
placeBid,2021-09-23 11:09:02
closeAuction,2021-09-23 11:09:02
getUsers,2021-09-23 11:09:02
startAuction,2021-09-23 11:09:02
placeBid,2021-09-23 11:09:02
closeAuction,2021-09-23 11:09:02
addUser,2021-09-23 11:09:21
addUser,2021-09-23 11:09:21
addUser,2021-09-23 11:09:21
addUser,2021-09-23 11:09:21
addUser,2021-09-23 11:09:21
addUser,2021-09-23 11:09:21
addUser,2021-09-23 11:09:21
addUser,2021-09-23 11:09:21
addUser,2021-09-23 11:09:21
getUsers,2021-09-23 11:09:21
getUsers,2021-09-23 11:09:21
getUsers,2021-09-23 11:09:21
getUsers,2021-09-23 11:09:21
getUsers,2021-09-23 11:09:21
getUsers,2021-09-23 11:09:21
getUsers,2021-09-23 11:09:21
getUsers,2021-09-23 11:09:21
getUsers,2021-09-23 11:09:21
getUsers,2021-09-23 11:09:21
getUsers,2021-09-23 11:09:21
getUsers,2021-09-23 11:09:21
getUsers,2021-09-23 11:09:21
getUsers,2021-09-23 11:09:21
getUsers,2021-09-23 11:09:21
getUsers,2021-09-23 11:09:21
startAuction,2021-09-23 11:09:21
placeBid,2021-09-23 11:09:21
closeAuction,2021-09-23 11:09:21
getUsers,2021-09-23 11:09:21
startAuction,2021-09-23 11:09:21
placeBid,2021-09-23 11:09:21
closeAuction,2021-09-23 11:09:21
getUsers,2021-09-23 11:09:21
startAuction,2021-09-23 11:09:21
placeBid,2021-09-23 11:09:21
closeAuction,2021-09-23 11:09:21
getUsers,2021-09-23 11:09:21
startAuction,2021-09-23 11:09:21
placeBid,2021-09-23 11:09:21
closeAuction,2021-09-23 11:09:21
addUser,2021-09-23 11:09:54
addUser,2021-09-23 11:09:55
addUser,2021-09-23 11:09:55
addUser,2021-09-23 11:09:55
addUser,2021-09-23 11:09:55
addUser,2021-09-23 11:09:55
addUser,2021-09-23 11:09:55
addUser,2021-09-23 11:09:55
addUser,2021-09-23 11:09:55
getUsers,2021-09-23 11:09:55
getUsers,2021-09-23 11:09:55
getUsers,2021-09-23 11:09:55
getUsers,2021-09-23 11:09:55
getUsers,2021-09-23 11:09:55
getUsers,2021-09-23 11:09:55
getUsers,2021-09-23 11:09:55
getUsers,2021-09-23 11:09:55
getUsers,2021-09-23 11:09:55
getUsers,2021-09-23 11:09:55
getUsers,2021-09-23 11:09:55
getUsers,2021-09-23 11:09:55
getUsers,2021-09-23 11:09:55
getUsers,2021-09-23 11:09:55
getUsers,2021-09-23 11:09:55
getUsers,2021-09-23 11:09:55
startAuction,2021-09-23 11:09:55
placeBid,2021-09-23 11:09:55
closeAuction,2021-09-23 11:09:55
getUsers,2021-09-23 11:09:55
startAuction,2021-09-23 11:09:55
placeBid,2021-09-23 11:09:55
closeAuction,2021-09-23 11:09:55
getUsers,2021-09-23 11:09:55
startAuction,2021-09-23 11:09:55
placeBid,2021-09-23 11:09:55
closeAuction,2021-09-23 11:09:55
getUsers,2021-09-23 11:09:55
startAuction,2021-09-23 11:09:55
placeBid,2021-09-23 11:09:55
closeAuction,2021-09-23 11:09:55
addUser,2021-27-23 11:27:42
addUser,2021-27-23 11:27:42
addUser,2021-27-23 11:27:42
addUser,2021-27-23 11:27:42
addUser,2021-27-23 11:27:42
addUser,2021-27-23 11:27:42
addUser,2021-27-23 11:27:42
addUser,2021-27-23 11:27:42
addUser,2021-27-23 11:27:42
getUsers,2021-27-23 11:27:42
getUsers,2021-27-23 11:27:42
getUsers,2021-27-23 11:27:42
getUsers,2021-27-23 11:27:42
getUsers,2021-27-23 11:27:42
getUsers,2021-27-23 11:27:42
getUsers,2021-27-23 11:27:42
getUsers,2021-27-23 11:27:42
getUsers,2021-27-23 11:27:42
getUsers,2021-27-23 11:27:42
getUsers,2021-27-23 11:27:42
getUsers,2021-27-23 11:27:42
getUsers,2021-27-23 11:27:42
getUsers,2021-27-23 11:27:42
getUsers,2021-27-23 11:27:42
getUsers,2021-27-23 11:27:42
startAuction,2021-27-23 11:27:42
placeBid,2021-27-23 11:27:42
closeAuction,2021-27-23 11:27:42
getUsers,2021-27-23 11:27:42
startAuction,2021-27-23 11:27:42
placeBid,2021-27-23 11:27:42
closeAuction,2021-27-23 11:27:42
getUsers,2021-27-23 11:27:42
startAuction,2021-27-23 11:27:42
placeBid,2021-27-23 11:27:42
closeAuction,2021-27-23 11:27:42
getUsers,2021-27-23 11:27:42
startAuction,2021-27-23 11:27:42
placeBid,2021-27-23 11:27:42
closeAuction,2021-27-23 11:27:42
addUser,2021-27-23 11:27:58
addUser,2021-27-23 11:27:58
addUser,2021-27-23 11:27:58
addUser,2021-27-23 11:27:58
addUser,2021-27-23 11:27:58
addUser,2021-27-23 11:27:58
addUser,2021-27-23 11:27:58
addUser,2021-27-23 11:27:58
addUser,2021-27-23 11:27:58
getUsers,2021-27-23 11:27:58
getUsers,2021-27-23 11:27:58
getUsers,2021-27-23 11:27:58
getUsers,2021-27-23 11:27:58
getUsers,2021-27-23 11:27:58
getUsers,2021-27-23 11:27:58
getUsers,2021-27-23 11:27:58
getUsers,2021-27-23 11:27:58
getUsers,2021-27-23 11:27:58
getUsers,2021-27-23 11:27:58
getUsers,2021-27-23 11:27:58
getUsers,2021-27-23 11:27:58
getUsers,2021-27-23 11:27:58
getUsers,2021-27-23 11:27:58
getUsers,2021-27-23 11:27:58
getUsers,2021-27-23 11:27:58
startAuction,2021-27-23 11:27:58
placeBid,2021-27-23 11:27:58
closeAuction,2021-27-23 11:27:58
getUsers,2021-27-23 11:27:58
startAuction,2021-27-23 11:27:58
placeBid,2021-27-23 11:27:58
closeAuction,2021-27-23 11:27:58
getUsers,2021-27-23 11:27:58
startAuction,2021-27-23 11:27:58
placeBid,2021-27-23 11:27:58
closeAuction,2021-27-23 11:27:58
getUsers,2021-27-23 11:27:58
startAuction,2021-27-23 11:27:58
placeBid,2021-27-23 11:27:58
closeAuction,2021-27-23 11:27:58
addUser,2021-31-23 11:31:14
addUser,2021-31-23 11:31:14
addUser,2021-31-23 11:31:14
addUser,2021-31-23 11:31:14
addUser,2021-31-23 11:31:14
addUser,2021-31-23 11:31:14
addUser,2021-31-23 11:31:14
addUser,2021-31-23 11:31:14
addUser,2021-31-23 11:31:14
getUsers,2021-31-23 11:31:14
getUsers,2021-31-23 11:31:14
getUsers,2021-31-23 11:31:14
getUsers,2021-31-23 11:31:14
getUsers,2021-31-23 11:31:14
getUsers,2021-31-23 11:31:14
getUsers,2021-31-23 11:31:14
getUsers,2021-31-23 11:31:14
getUsers,2021-31-23 11:31:14
getUsers,2021-31-23 11:31:14
getUsers,2021-31-23 11:31:14
getUsers,2021-31-23 11:31:14
getUsers,2021-31-23 11:31:14
getUsers,2021-31-23 11:31:14
getUsers,2021-31-23 11:31:14
getUsers,2021-31-23 11:31:14
startAuction,2021-31-23 11:31:14
placeBid,2021-31-23 11:31:14
closeAuction,2021-31-23 11:31:14
getUsers,2021-31-23 11:31:14
startAuction,2021-31-23 11:31:14
placeBid,2021-31-23 11:31:14
closeAuction,2021-31-23 11:31:14
getUsers,2021-31-23 11:31:14
startAuction,2021-31-23 11:31:14
placeBid,2021-31-23 11:31:14
closeAuction,2021-31-23 11:31:14
getUsers,2021-31-23 11:31:14
startAuction,2021-31-23 11:31:14
placeBid,2021-31-23 11:31:14
closeAuction,2021-31-23 11:31:14
addUser,2021-33-23 11:33:33
addUser,2021-33-23 11:33:33
addUser,2021-33-23 11:33:33
addUser,2021-33-23 11:33:33
addUser,2021-33-23 11:33:33
addUser,2021-33-23 11:33:33
addUser,2021-33-23 11:33:33
addUser,2021-33-23 11:33:33
addUser,2021-33-23 11:33:33
getUsers,2021-33-23 11:33:33
getUsers,2021-33-23 11:33:33
getUsers,2021-33-23 11:33:33
getUsers,2021-33-23 11:33:33
getUsers,2021-33-23 11:33:33
getUsers,2021-33-23 11:33:33
getUsers,2021-33-23 11:33:33
getUsers,2021-33-23 11:33:33
getUsers,2021-33-23 11:33:33
getUsers,2021-33-23 11:33:33
getUsers,2021-33-23 11:33:33
getUsers,2021-33-23 11:33:33
getUsers,2021-33-23 11:33:33
getUsers,2021-33-23 11:33:33
getUsers,2021-33-23 11:33:33
getUsers,2021-33-23 11:33:33
startAuction,2021-33-23 11:33:33
placeBid,2021-33-23 11:33:33
closeAuction,2021-33-23 11:33:33
getUsers,2021-33-23 11:33:33
startAuction,2021-33-23 11:33:33
placeBid,2021-33-23 11:33:33
closeAuction,2021-33-23 11:33:33
getUsers,2021-33-23 11:33:33
startAuction,2021-33-23 11:33:33
placeBid,2021-33-23 11:33:33
closeAuction,2021-33-23 11:33:33
getUsers,2021-33-23 11:33:33
startAuction,2021-33-23 11:33:33
placeBid,2021-33-23 11:33:33
closeAuction,2021-33-23 11:33:33
addUser,2021-34-23 11:34:12
addUser,2021-34-23 11:34:12
addUser,2021-34-23 11:34:12
addUser,2021-34-23 11:34:12
addUser,2021-34-23 11:34:12
addUser,2021-34-23 11:34:12
addUser,2021-34-23 11:34:12
addUser,2021-34-23 11:34:12
addUser,2021-34-23 11:34:12
getUsers,2021-34-23 11:34:12
getUsers,2021-34-23 11:34:12
getUsers,2021-34-23 11:34:12
getUsers,2021-34-23 11:34:12
getUsers,2021-34-23 11:34:12
getUsers,2021-34-23 11:34:12
getUsers,2021-34-23 11:34:12
getUsers,2021-34-23 11:34:12
getUsers,2021-34-23 11:34:12
getUsers,2021-34-23 11:34:12
getUsers,2021-34-23 11:34:12
getUsers,2021-34-23 11:34:12
getUsers,2021-34-23 11:34:12
getUsers,2021-34-23 11:34:12
getUsers,2021-34-23 11:34:12
getUsers,2021-34-23 11:34:12
startAuction,2021-34-23 11:34:12
placeBid,2021-34-23 11:34:12
closeAuction,2021-34-23 11:34:12
getUsers,2021-34-23 11:34:12
startAuction,2021-34-23 11:34:12
placeBid,2021-34-23 11:34:12
closeAuction,2021-34-23 11:34:12
getUsers,2021-34-23 11:34:12
startAuction,2021-34-23 11:34:12
placeBid,2021-34-23 11:34:12
closeAuction,2021-34-23 11:34:12
getUsers,2021-34-23 11:34:12
startAuction,2021-34-23 11:34:12
placeBid,2021-34-23 11:34:12
closeAuction,2021-34-23 11:34:12
